{
  "providers": {
    "awscloudformation": {
      "AuthRoleName": "amplify-amplifydev-dev-d5209-authRole",
      "UnauthRoleArn": "arn:aws:iam::242201278626:role/amplify-amplifydev-dev-d5209-unauthRole",
      "AuthRoleArn": "arn:aws:iam::242201278626:role/amplify-amplifydev-dev-d5209-authRole",
      "Region": "us-west-2",
      "DeploymentBucketName": "amplify-amplifydev-dev-d5209-deployment",
      "UnauthRoleName": "amplify-amplifydev-dev-d5209-unauthRole",
      "StackName": "amplify-amplifydev-dev-d5209",
      "StackId": "arn:aws:cloudformation:us-west-2:242201278626:stack/amplify-amplifydev-dev-d5209/96dda4c0-a89b-11ef-a36a-0a546862b135",
      "AmplifyAppId": "d1abyg0d7vg68"
    }
  }
}